experiment,structure,x,metric,value
scaling,array,111892,build_ms,7.6712
scaling,array,111892,memory_bytes,895136.0000
scaling,array,111892,query_us,0.3922
scaling,array,111892,total_hits,1002.0000
scaling,tree,111892,build_ms,108.3788
scaling,tree,111892,memory_bytes,38484984.0000
scaling,tree,111892,query_us,1.3433
scaling,tree,111892,total_hits,1002.0000
scaling,tree,111892,node_count,183025.0000
scaling,array,223784,build_ms,16.4303
scaling,array,223784,memory_bytes,1790272.0000
scaling,array,223784,query_us,0.6156
scaling,array,223784,total_hits,1000.0000
scaling,tree,223784,build_ms,239.0754
scaling,tree,223784,memory_bytes,76983048.0000
scaling,tree,223784,query_us,1.7218
scaling,tree,223784,total_hits,1000.0000
scaling,tree,223784,node_count,366203.0000
scaling,array,335676,build_ms,28.5482
scaling,array,335676,memory_bytes,2685408.0000
scaling,array,335676,query_us,0.6550
scaling,array,335676,total_hits,1001.0000
scaling,tree,335676,build_ms,367.7648
scaling,tree,335676,memory_bytes,115429280.0000
scaling,tree,335676,query_us,1.6483
scaling,tree,335676,total_hits,1001.0000
scaling,tree,335676,node_count,548792.0000
scaling,array,447568,build_ms,34.5525
scaling,array,447568,memory_bytes,3580544.0000
scaling,array,447568,query_us,0.6826
scaling,array,447568,total_hits,1014.0000
scaling,tree,447568,build_ms,507.3502
scaling,tree,447568,memory_bytes,153928928.0000
scaling,tree,447568,query_us,1.6982
scaling,tree,447568,total_hits,1014.0000
scaling,tree,447568,node_count,731988.0000
scaling,array,559460,build_ms,45.8139
scaling,array,559460,memory_bytes,4475680.0000
scaling,array,559460,query_us,0.7475
scaling,array,559460,total_hits,1011.0000
scaling,tree,559460,build_ms,654.2396
scaling,tree,559460,memory_bytes,192417488.0000
scaling,tree,559460,query_us,1.7701
scaling,tree,559460,total_hits,1011.0000
scaling,tree,559460,node_count,915058.0000
scaling,array,671352,build_ms,51.7970
scaling,array,671352,memory_bytes,5370816.0000
scaling,array,671352,query_us,0.7686
scaling,array,671352,total_hits,1003.0000
scaling,tree,671352,build_ms,788.1936
scaling,tree,671352,memory_bytes,231061280.0000
scaling,tree,671352,query_us,1.8685
scaling,tree,671352,total_hits,1003.0000
scaling,tree,671352,node_count,1099892.0000
scaling,array,783244,build_ms,63.1823
scaling,array,783244,memory_bytes,6265952.0000
scaling,array,783244,query_us,0.8414
scaling,array,783244,total_hits,1009.0000
scaling,tree,783244,build_ms,925.4388
scaling,tree,783244,memory_bytes,269567264.0000
scaling,tree,783244,query_us,1.8771
scaling,tree,783244,total_hits,1009.0000
scaling,tree,783244,node_count,1283160.0000
scaling,array,895136,build_ms,71.9292
scaling,array,895136,memory_bytes,7161088.0000
scaling,array,895136,query_us,0.8307
scaling,array,895136,total_hits,1011.0000
scaling,tree,895136,build_ms,1080.0088
scaling,tree,895136,memory_bytes,308115664.0000
scaling,tree,895136,query_us,2.0430
scaling,tree,895136,total_hits,1011.0000
scaling,tree,895136,node_count,1466910.0000
scaling,array,1007028,build_ms,79.7079
scaling,array,1007028,memory_bytes,8056224.0000
scaling,array,1007028,query_us,0.8678
scaling,array,1007028,total_hits,1023.0000
scaling,tree,1007028,build_ms,1203.7086
scaling,tree,1007028,memory_bytes,346614960.0000
scaling,tree,1007028,query_us,2.2204
scaling,tree,1007028,total_hits,1023.0000
scaling,tree,1007028,node_count,1650102.0000
scaling,array,1118921,build_ms,89.7215
scaling,array,1118921,memory_bytes,8951368.0000
scaling,array,1118921,query_us,0.8785
scaling,array,1118921,total_hits,1027.0000
scaling,tree,1118921,build_ms,1340.1928
scaling,tree,1118921,memory_bytes,385114808.0000
scaling,tree,1118921,query_us,2.0284
scaling,tree,1118921,total_hits,1027.0000
scaling,tree,1118921,node_count,1833298.0000
scaling,array,1230813,build_ms,99.7040
scaling,array,1230813,memory_bytes,9846504.0000
scaling,array,1230813,query_us,0.8939
scaling,array,1230813,total_hits,1011.0000
scaling,tree,1230813,build_ms,1524.4142
scaling,tree,1230813,memory_bytes,423699992.0000
scaling,tree,1230813,query_us,2.0738
scaling,tree,1230813,total_hits,1011.0000
scaling,tree,1230813,node_count,2017466.0000
scaling,array,1342705,build_ms,103.8099
scaling,array,1342705,memory_bytes,10741640.0000
scaling,array,1342705,query_us,0.9434
scaling,array,1342705,total_hits,1017.0000
scaling,tree,1342705,build_ms,1643.0507
scaling,tree,1342705,memory_bytes,462300224.0000
scaling,tree,1342705,query_us,2.1522
scaling,tree,1342705,total_hits,1017.0000
scaling,tree,1342705,node_count,2201805.0000
scaling,array,1454597,build_ms,123.8383
scaling,array,1454597,memory_bytes,11636776.0000
scaling,array,1454597,query_us,0.9661
scaling,array,1454597,total_hits,1019.0000
scaling,tree,1454597,build_ms,1795.1362
scaling,tree,1454597,memory_bytes,500795120.0000
scaling,tree,1454597,query_us,2.1938
scaling,tree,1454597,total_hits,1019.0000
scaling,tree,1454597,node_count,2384947.0000
scaling,array,1566489,build_ms,126.1862
scaling,array,1566489,memory_bytes,12531912.0000
scaling,array,1566489,query_us,1.0871
scaling,array,1566489,total_hits,1037.0000
scaling,tree,1566489,build_ms,1952.9589
scaling,tree,1566489,memory_bytes,539411544.0000
scaling,tree,1566489,query_us,2.1457
scaling,tree,1566489,total_hits,1037.0000
scaling,tree,1566489,node_count,2569470.0000
scaling,array,1678381,build_ms,144.5603
scaling,array,1678381,memory_bytes,13427048.0000
scaling,array,1678381,query_us,0.9856
scaling,array,1678381,total_hits,1035.0000
scaling,tree,1678381,build_ms,2119.8203
scaling,tree,1678381,memory_bytes,578247616.0000
scaling,tree,1678381,query_us,2.2323
scaling,tree,1678381,total_hits,1035.0000
scaling,tree,1678381,node_count,2756489.0000
scaling,array,1790273,build_ms,149.3913
scaling,array,1790273,memory_bytes,14322184.0000
scaling,array,1790273,query_us,1.1561
scaling,array,1790273,total_hits,1068.0000
scaling,tree,1790273,build_ms,2236.7613
scaling,tree,1790273,memory_bytes,617255816.0000
scaling,tree,1790273,query_us,2.2712
scaling,tree,1790273,total_hits,1068.0000
scaling,tree,1790273,node_count,2945464.0000
scaling,array,1902165,build_ms,162.5127
scaling,array,1902165,memory_bytes,15217320.0000
scaling,array,1902165,query_us,1.0427
scaling,array,1902165,total_hits,1064.0000
scaling,tree,1902165,build_ms,2396.9660
scaling,tree,1902165,memory_bytes,656087048.0000
scaling,tree,1902165,query_us,2.3577
scaling,tree,1902165,total_hits,1064.0000
scaling,tree,1902165,node_count,3132428.0000
scaling,array,2014057,build_ms,179.8511
scaling,array,2014057,memory_bytes,16112456.0000
scaling,array,2014057,query_us,1.0546
scaling,array,2014057,total_hits,1107.0000
scaling,tree,2014057,build_ms,2594.1228
scaling,tree,2014057,memory_bytes,695388552.0000
scaling,tree,2014057,query_us,2.4700
scaling,tree,2014057,total_hits,1107.0000
scaling,tree,2014057,node_count,3324736.0000
scaling,array,2125949,build_ms,192.2772
scaling,array,2125949,memory_bytes,17007592.0000
scaling,array,2125949,query_us,1.0270
scaling,array,2125949,total_hits,1099.0000
scaling,tree,2125949,build_ms,2860.3266
scaling,tree,2125949,memory_bytes,733998816.0000
scaling,tree,2125949,query_us,2.5764
scaling,tree,2125949,total_hits,1099.0000
scaling,tree,2125949,node_count,3509189.0000
scaling,array,2237842,build_ms,206.0672
scaling,array,2237842,memory_bytes,17902736.0000
scaling,array,2237842,query_us,1.0365
scaling,array,2237842,total_hits,1130.0000
scaling,tree,2237842,build_ms,2984.4948
scaling,tree,2237842,memory_bytes,772608488.0000
scaling,tree,2237842,query_us,2.8958
scaling,tree,2237842,total_hits,1130.0000
scaling,tree,2237842,node_count,3693633.0000
scaling,array,2349734,build_ms,245.4574
scaling,array,2349734,memory_bytes,18797872.0000
scaling,array,2349734,query_us,1.0601
scaling,array,2349734,total_hits,1137.0000
scaling,tree,2349734,build_ms,3167.5626
scaling,tree,2349734,memory_bytes,811227992.0000
scaling,tree,2349734,query_us,2.7232
scaling,tree,2349734,total_hits,1137.0000
scaling,tree,2349734,node_count,3878191.0000
scaling,array,2461626,build_ms,256.5838
scaling,array,2461626,memory_bytes,19693008.0000
scaling,array,2461626,query_us,1.0570
scaling,array,2461626,total_hits,1117.0000
scaling,tree,2461626,build_ms,3243.1920
scaling,tree,2461626,memory_bytes,849736880.0000
scaling,tree,2461626,query_us,2.5171
scaling,tree,2461626,total_hits,1117.0000
scaling,tree,2461626,node_count,4061492.0000
scaling,array,2573518,build_ms,264.2447
scaling,array,2573518,memory_bytes,20588144.0000
scaling,array,2573518,query_us,1.1749
scaling,array,2573518,total_hits,1103.0000
scaling,tree,2573518,build_ms,3354.7297
scaling,tree,2573518,memory_bytes,888227904.0000
scaling,tree,2573518,query_us,2.5962
scaling,tree,2573518,total_hits,1103.0000
scaling,tree,2573518,node_count,4244590.0000
scaling,array,2685410,build_ms,280.7726
scaling,array,2685410,memory_bytes,21483280.0000
scaling,array,2685410,query_us,25.6070
scaling,array,2685410,total_hits,1133.0000
scaling,tree,2685410,build_ms,3621.4859
scaling,tree,2685410,memory_bytes,927097328.0000
scaling,tree,2685410,query_us,2.6059
scaling,tree,2685410,total_hits,1133.0000
scaling,tree,2685410,node_count,4431988.0000
scaling,array,2797302,build_ms,305.8038
scaling,array,2797302,memory_bytes,22378416.0000
scaling,array,2797302,query_us,1.1533
scaling,array,2797302,total_hits,1153.0000
scaling,tree,2797302,build_ms,3631.6205
scaling,tree,2797302,memory_bytes,966138440.0000
scaling,tree,2797302,query_us,2.5944
scaling,tree,2797302,total_hits,1153.0000
scaling,tree,2797302,node_count,4621337.0000
scaling,array,2909194,build_ms,331.2990
scaling,array,2909194,memory_bytes,23273552.0000
scaling,array,2909194,query_us,1.1026
scaling,array,2909194,total_hits,1150.0000
scaling,tree,2909194,build_ms,3932.2799
scaling,tree,2909194,memory_bytes,1005095248.0000
scaling,tree,2909194,query_us,2.6393
scaling,tree,2909194,total_hits,1150.0000
scaling,tree,2909194,node_count,4809728.0000
scaling,array,3021086,build_ms,358.5895
scaling,array,3021086,memory_bytes,24168688.0000
scaling,array,3021086,query_us,1.0586
scaling,array,3021086,total_hits,1114.0000
scaling,tree,3021086,build_ms,4133.8374
scaling,tree,3021086,memory_bytes,1043697240.0000
scaling,tree,3021086,query_us,3.2441
scaling,tree,3021086,total_hits,1114.0000
scaling,tree,3021086,node_count,4994087.0000
scaling,array,3132978,build_ms,386.2857
scaling,array,3132978,memory_bytes,25063824.0000
scaling,array,3132978,query_us,1.2167
scaling,array,3132978,total_hits,1131.0000
scaling,tree,3132978,build_ms,4400.3133
scaling,tree,3132978,memory_bytes,1082229624.0000
scaling,tree,3132978,query_us,2.6657
scaling,tree,3132978,total_hits,1131.0000
scaling,tree,3132978,node_count,5177655.0000
scaling,array,3244870,build_ms,373.4856
scaling,array,3244870,memory_bytes,25958960.0000
scaling,array,3244870,query_us,1.5228
scaling,array,3244870,total_hits,1124.0000
scaling,tree,3244870,build_ms,4275.6121
scaling,tree,3244870,memory_bytes,1120696536.0000
scaling,tree,3244870,query_us,2.6803
scaling,tree,3244870,total_hits,1124.0000
scaling,tree,3244870,node_count,5360479.0000
scaling,array,3356763,build_ms,396.7030
scaling,array,3356763,memory_bytes,26854104.0000
scaling,array,3356763,query_us,1.0387
scaling,array,3356763,total_hits,1163.0000
scaling,tree,3356763,build_ms,4562.1205
scaling,tree,3356763,memory_bytes,1159197704.0000
scaling,tree,3356763,query_us,2.8627
scaling,tree,3356763,total_hits,1163.0000
scaling,tree,3356763,node_count,5543690.0000
scaling,array,3468655,build_ms,421.3850
scaling,array,3468655,memory_bytes,27749240.0000
scaling,array,3468655,query_us,1.2069
scaling,array,3468655,total_hits,1124.0000
scaling,tree,3468655,build_ms,4692.9250
scaling,tree,3468655,memory_bytes,1197677200.0000
scaling,tree,3468655,query_us,2.7637
scaling,tree,3468655,total_hits,1124.0000
scaling,tree,3468655,node_count,5726657.0000
scaling,array,3580547,build_ms,443.5368
scaling,array,3580547,memory_bytes,28644376.0000
scaling,array,3580547,query_us,1.0708
scaling,array,3580547,total_hits,1174.0000
scaling,tree,3580547,build_ms,4962.6936
scaling,tree,3580547,memory_bytes,1236372032.0000
scaling,tree,3580547,query_us,3.9522
scaling,tree,3580547,total_hits,1174.0000
scaling,tree,3580547,node_count,5912071.0000
scaling,array,3692439,build_ms,467.2359
scaling,array,3692439,memory_bytes,29539512.0000
scaling,array,3692439,query_us,47.2163
scaling,array,3692439,total_hits,1114.0000
scaling,tree,3692439,build_ms,5391.7508
scaling,tree,3692439,memory_bytes,1274875992.0000
scaling,tree,3692439,query_us,2.7295
scaling,tree,3692439,total_hits,1114.0000
scaling,tree,3692439,node_count,6095316.0000
scaling,array,3804331,build_ms,484.1291
scaling,array,3804331,memory_bytes,30434648.0000
scaling,array,3804331,query_us,1.1771
scaling,array,3804331,total_hits,1136.0000
scaling,tree,3804331,build_ms,5184.6718
scaling,tree,3804331,memory_bytes,1313360064.0000
scaling,tree,3804331,query_us,2.9550
scaling,tree,3804331,total_hits,1136.0000
scaling,tree,3804331,node_count,6278335.0000
scaling,array,3916223,build_ms,509.1898
scaling,array,3916223,memory_bytes,31329784.0000
scaling,array,3916223,query_us,1.3493
scaling,array,3916223,total_hits,1140.0000
scaling,tree,3916223,build_ms,5453.7232
scaling,tree,3916223,memory_bytes,1352005264.0000
scaling,tree,3916223,query_us,2.9082
scaling,tree,3916223,total_hits,1140.0000
scaling,tree,3916223,node_count,6463185.0000
scaling,array,4028115,build_ms,540.4963
scaling,array,4028115,memory_bytes,32224920.0000
scaling,array,4028115,query_us,1.1107
scaling,array,4028115,total_hits,1159.0000
scaling,tree,4028115,build_ms,5506.3595
scaling,tree,4028115,memory_bytes,1390543984.0000
scaling,tree,4028115,query_us,2.8451
scaling,tree,4028115,total_hits,1159.0000
scaling,tree,4028115,node_count,6646825.0000
scaling,array,4140007,build_ms,562.7220
scaling,array,4140007,memory_bytes,33120056.0000
scaling,array,4140007,query_us,1.5873
scaling,array,4140007,total_hits,1136.0000
scaling,tree,4140007,build_ms,5772.1803
scaling,tree,4140007,memory_bytes,1429090536.0000
scaling,tree,4140007,query_us,2.9188
scaling,tree,4140007,total_hits,1136.0000
scaling,tree,4140007,node_count,6830554.0000
scaling,array,4251899,build_ms,578.0051
scaling,array,4251899,memory_bytes,34015192.0000
scaling,array,4251899,query_us,1.4152
scaling,array,4251899,total_hits,1128.0000
scaling,tree,4251899,build_ms,5877.1617
scaling,tree,4251899,memory_bytes,1467743568.0000
scaling,tree,4251899,query_us,2.9873
scaling,tree,4251899,total_hits,1128.0000
scaling,tree,4251899,node_count,7015493.0000
scaling,array,4363791,build_ms,592.5585
scaling,array,4363791,memory_bytes,34910328.0000
scaling,array,4363791,query_us,1.5330
scaling,array,4363791,total_hits,1110.0000
scaling,tree,4363791,build_ms,6086.4170
scaling,tree,4363791,memory_bytes,1506228608.0000
scaling,tree,4363791,query_us,3.1121
scaling,tree,4363791,total_hits,1110.0000
scaling,tree,4363791,node_count,7198523.0000
scaling,array,4475684,build_ms,627.4545
scaling,array,4475684,memory_bytes,35805472.0000
scaling,array,4475684,query_us,1.6440
scaling,array,4475684,total_hits,1106.0000
scaling,tree,4475684,build_ms,6465.2818
scaling,tree,4475684,memory_bytes,1544755560.0000
scaling,tree,4475684,query_us,2.7995
scaling,tree,4475684,total_hits,1106.0000
scaling,tree,4475684,node_count,7382027.0000
scaling,array,4587576,build_ms,645.2310
scaling,array,4587576,memory_bytes,36700608.0000
scaling,array,4587576,query_us,1.3093
scaling,array,4587576,total_hits,1102.0000
scaling,tree,4587576,build_ms,6424.3293
scaling,tree,4587576,memory_bytes,1583469928.0000
scaling,tree,4587576,query_us,3.0483
scaling,tree,4587576,total_hits,1102.0000
scaling,tree,4587576,node_count,7567663.0000
scaling,array,4699468,build_ms,672.2173
scaling,array,4699468,memory_bytes,37595744.0000
scaling,array,4699468,query_us,1.2138
scaling,array,4699468,total_hits,1093.0000
scaling,tree,4699468,build_ms,6670.8932
scaling,tree,4699468,memory_bytes,1621973448.0000
scaling,tree,4699468,query_us,2.9311
scaling,tree,4699468,total_hits,1093.0000
scaling,tree,4699468,node_count,7750903.0000
scaling,array,4811360,build_ms,729.6030
scaling,array,4811360,memory_bytes,38490880.0000
scaling,array,4811360,query_us,1.5850
scaling,array,4811360,total_hits,1169.0000
scaling,tree,4811360,build_ms,6991.3193
scaling,tree,4811360,memory_bytes,1660653320.0000
scaling,tree,4811360,query_us,3.0114
scaling,tree,4811360,total_hits,1169.0000
scaling,tree,4811360,node_count,7936147.0000
scaling,array,4923252,build_ms,708.0551
scaling,array,4923252,memory_bytes,39386016.0000
scaling,array,4923252,query_us,1.3275
scaling,array,4923252,total_hits,1109.0000
scaling,tree,4923252,build_ms,7235.4550
scaling,tree,4923252,memory_bytes,1699348504.0000
scaling,tree,4923252,query_us,3.0898
scaling,tree,4923252,total_hits,1109.0000
scaling,tree,4923252,node_count,8121565.0000
scaling,array,5035144,build_ms,734.7519
scaling,array,5035144,memory_bytes,40281152.0000
scaling,array,5035144,query_us,1.2565
scaling,array,5035144,total_hits,1107.0000
scaling,tree,5035144,build_ms,7219.0759
scaling,tree,5035144,memory_bytes,1738315344.0000
scaling,tree,5035144,query_us,3.0514
scaling,tree,5035144,total_hits,1107.0000
scaling,tree,5035144,node_count,8310070.0000
scaling,array,5147036,build_ms,740.9961
scaling,array,5147036,memory_bytes,41176288.0000
scaling,array,5147036,query_us,1.2449
scaling,array,5147036,total_hits,1150.0000
scaling,tree,5147036,build_ms,7480.3995
scaling,tree,5147036,memory_bytes,1776809184.0000
scaling,tree,5147036,query_us,2.9540
scaling,tree,5147036,total_hits,1150.0000
scaling,tree,5147036,node_count,8493200.0000
scaling,array,5258928,build_ms,782.2935
scaling,array,5258928,memory_bytes,42071424.0000
scaling,array,5258928,query_us,88.3441
scaling,array,5258928,total_hits,1135.0000
scaling,tree,5258928,build_ms,7817.9687
scaling,tree,5258928,memory_bytes,1815302760.0000
scaling,tree,5258928,query_us,2.9120
scaling,tree,5258928,total_hits,1135.0000
scaling,tree,5258928,node_count,8676327.0000
scaling,array,5370820,build_ms,925.9202
scaling,array,5370820,memory_bytes,42966560.0000
scaling,array,5370820,query_us,3.1013
scaling,array,5370820,total_hits,1135.0000
scaling,tree,5370820,build_ms,8097.8226
scaling,tree,5370820,memory_bytes,1853855032.0000
scaling,tree,5370820,query_us,2.9441
scaling,tree,5370820,total_hits,1135.0000
scaling,tree,5370820,node_count,8860121.0000
scaling,array,5482712,build_ms,835.7462
scaling,array,5482712,memory_bytes,43861696.0000
scaling,array,5482712,query_us,1.2763
scaling,array,5482712,total_hits,1122.0000
scaling,tree,5482712,build_ms,8097.5990
scaling,tree,5482712,memory_bytes,1892365680.0000
scaling,tree,5482712,query_us,2.9239
scaling,tree,5482712,total_hits,1122.0000
scaling,tree,5482712,node_count,9043442.0000
scaling,array,5594605,build_ms,848.4277
scaling,array,5594605,memory_bytes,44756840.0000
scaling,array,5594605,query_us,1.3719
scaling,array,5594605,total_hits,1105.0000
scaling,tree,5594605,build_ms,8372.6515
scaling,tree,5594605,memory_bytes,1930910056.0000
scaling,tree,5594605,query_us,3.0685
scaling,tree,5594605,total_hits,1105.0000
scaling,tree,5594605,node_count,9227144.0000
query,array,4,query_us,1466.3443
query,tree,4,query_us,7044.7495
query,array,4,total_hits,25287446.0000
query,tree,4,total_hits,25287446.0000
query,array,8,query_us,6.4045
query,tree,8,query_us,35.2625
query,array,8,total_hits,129170.0000
query,tree,8,total_hits,129170.0000
query,array,12,query_us,1.2913
query,tree,12,query_us,5.2788
query,array,12,total_hits,2003.0000
query,tree,12,total_hits,2003.0000
query,array,16,query_us,1.2294
query,tree,16,query_us,3.1775
query,array,16,total_hits,1153.0000
query,tree,16,total_hits,1153.0000
query,array,24,query_us,1.4674
query,tree,24,query_us,3.7599
query,array,24,total_hits,1097.0000
query,tree,24,total_hits,1097.0000
query,array,32,query_us,1.2085
query,tree,32,query_us,3.3298
query,array,32,total_hits,1155.0000
query,tree,32,total_hits,1155.0000
query,array,48,query_us,1.7599
query,tree,48,query_us,3.5441
query,array,48,total_hits,1116.0000
query,tree,48,total_hits,1116.0000
query,array,64,query_us,1.1845
query,tree,64,query_us,3.0256
query,array,64,total_hits,1098.0000
query,tree,64,total_hits,1098.0000
